{
  "loss": [
    1.4030250310897827,
    1.3226971626281738,
    1.2821811437606812,
    1.2465479373931885,
    1.217875599861145,
    1.177904725074768,
    1.1343114376068115,
    1.097588062286377,
    1.0559195280075073,
    1.0158861875534058,
    0.9897915124893188,
    0.968937337398529,
    0.9535508155822754,
    0.9299827218055725,
    0.9501157999038696,
    0.9196436405181885,
    0.9112236499786377,
    0.8860090374946594,
    0.9052507281303406,
    0.8773959875106812,
    0.8731150031089783,
    0.8486214280128479,
    0.8542594313621521,
    0.8521870374679565,
    0.8476676344871521,
    0.8342058062553406,
    0.8261604905128479,
    0.8311625719070435,
    0.8255075812339783,
    0.8121650218963623,
    0.806697428226471,
    0.8008493781089783,
    0.7964548468589783,
    0.8045228719711304,
    0.7912824749946594,
    0.7820732593536377,
    0.7708200812339783,
    0.7920205593109131,
    0.7671352624893188,
    0.7690940499305725
  ],
  "accuracy": [
    0.32589614391326904,
    0.34746071696281433,
    0.36069151759147644,
    0.3753378093242645,
    0.39225131273269653,
    0.4193406105041504,
    0.44883835315704346,
    0.4824531078338623,
    0.5181721448898315,
    0.5505765080451965,
    0.5686244368553162,
    0.5882837772369385,
    0.597357451915741,
    0.6095566749572754,
    0.602135956287384,
    0.6186423897743225,
    0.6250202059745789,
    0.6301823258399963,
    0.6306347250938416,
    0.6395192742347717,
    0.6430820226669312,
    0.6518278121948242,
    0.6518877744674683,
    0.650544285774231,
    0.6480422019958496,
    0.6552053093910217,
    0.6592109203338623,
    0.6561357378959656,
    0.6580636501312256,
    0.6686742305755615,
    0.6680773496627808,
    0.6713292598724365,
    0.6688764691352844,
    0.6666437387466431,
    0.6725967526435852,
    0.674658477306366,
    0.6792829632759094,
    0.6717451214790344,
    0.6822609305381775,
    0.6792595386505127
  ],
  "val_loss": [
    1.108154296875,
    1.090087890625,
    1.06982421875,
    1.05126953125,
    1.0387777090072632,
    1.0220540761947632,
    0.9913737177848816,
    0.9391276240348816,
    0.887939453125,
    0.8435872197151184,
    0.8307698369026184,
    0.8152262568473816,
    0.8244221806526184,
    0.8102213740348816,
    0.806396484375,
    0.8141682744026184,
    0.8135172724723816,
    0.7919108271598816,
    0.7775065302848816,
    0.781005859375,
    0.7652994990348816,
    0.765869140625,
    0.7845458984375,
    0.7623291015625,
    0.7773844599723816,
    0.7596435546875,
    0.7554931640625,
    0.7417399287223816,
    0.7490641474723816,
    0.7374267578125,
    0.73486328125,
    0.7401123046875,
    0.7320963740348816,
    0.7233479619026184,
    0.7369384765625,
    0.7273762822151184,
    0.7167561650276184,
    0.7248128056526184,
    0.7256266474723816,
    0.7261962890625
  ],
  "val_accuracy": [
    0.30151113867759705,
    0.37222036719322205,
    0.42829132080078125,
    0.46012115478515625,
    0.4833628237247467,
    0.5108566284179688,
    0.5408757328987122,
    0.5822219848632812,
    0.6185633540153503,
    0.6412989497184753,
    0.6499913334846497,
    0.663787841796875,
    0.6534373164176941,
    0.6700871586799622,
    0.6681340336799622,
    0.6642659306526184,
    0.6630808711051941,
    0.6704381108283997,
    0.6812642216682434,
    0.6745758056640625,
    0.6885401606559753,
    0.6862335205078125,
    0.6721445918083191,
    0.6826121211051941,
    0.6815872192382812,
    0.6892420649528503,
    0.6872736811637878,
    0.6930872797966003,
    0.6856409907341003,
    0.6965535283088684,
    0.6933110356330872,
    0.684906005859375,
    0.6979166865348816,
    0.69903564453125,
    0.7038930058479309,
    0.7008056640625,
    0.6992695927619934,
    0.6974970698356628,
    0.6916275024414062,
    0.6944808959960938
  ]
}